code,district,cases,pop,raw_rate,smoothed_rate,rank,top3,risk,expected_cases,expected_rate,gap,nearest_km,travel_method,travel_min_approx,moran_I,moran_quadrant,moran_p,desert_points,desert_level,gap_type,travel_label,moran_label,action,year
JB,Johor Bahru,1038,1761600.0,58.92370572207085,58.626692519455766,1,True,,,,,1.3767518125047258,worldpop_weighted,2.0651277187570884,0.36286495594509327,HH,0.185,,not computed (no Score B),not computed (no Score B),"approximate (straight-line, 40 km/h)",exploratory (10 districts),,2023
KJ,Kulai,140,340300.0,41.14017043784896,42.11035004682459,7,False,,,,,2.6599816672638203,worldpop_weighted,3.9899725008957305,-0.20309470308399172,LH,0.083,,not computed (no Score B),not computed (no Score B),"approximate (straight-line, 40 km/h)",exploratory (10 districts),,2023
MR,Muar,105,318700.0,32.946344524631314,35.11618569622664,10,False,,,,,2.5643509165200933,worldpop_weighted,3.84652637478014,0.5542489170027181,LL,0.133,,not computed (no Score B),not computed (no Score B),"approximate (straight-line, 40 km/h)",exploratory (10 districts),,2023
LG,Tangkak,57,167100.0,34.11131059245961,37.50964883304927,8,False,,,,,3.104065417897956,worldpop_weighted,4.656098126846934,0.31517098459869664,LL,0.267,,not computed (no Score B),not computed (no Score B),"approximate (straight-line, 40 km/h)",exploratory (10 districts),,2023
BP,Batu Pahat,182,504000.0,36.11111111111111,37.26309760242087,9,False,,,,,2.659161087034612,worldpop_weighted,3.9887416305519183,0.2968323612992971,LL,0.156,,not computed (no Score B),not computed (no Score B),"approximate (straight-line, 40 km/h)",exploratory (10 districts),,2023
KG,Kluang,136,328700.0,41.37511408579252,42.34296688485922,6,False,,,,,4.7644894361678345,worldpop_weighted,7.146734154251752,-0.03123371251314951,LH,0.425,,not computed (no Score B),not computed (no Score B),"approximate (straight-line, 40 km/h)",exploratory (10 districts),,2023
ST,Segamat,99,201600.0,49.10714285714286,48.983321782282,3,True,,,,,6.96994249968198,worldpop_weighted,10.454913749522971,-0.35228277303172023,HL,0.042,,not computed (no Score B),not computed (no Score B),"approximate (straight-line, 40 km/h)",exploratory (10 districts),,2023
PN,Pontian,72,175800.0,40.955631399317404,42.66934050129557,5,False,,,,,3.2357371945075304,worldpop_weighted,4.853605791761296,-0.01673469378068082,LH,0.473,,not computed (no Score B),not computed (no Score B),"approximate (straight-line, 40 km/h)",exploratory (10 districts),,2023
KT,Kota Tinggi,125,229300.0,54.51373746184038,53.40788565653692,2,True,,,,,7.330754974813636,worldpop_weighted,10.996132462220453,0.4864866069923924,HH,0.077,,not computed (no Score B),not computed (no Score B),"approximate (straight-line, 40 km/h)",exploratory (10 districts),,2023
MG,Mersing,38,80100.0,47.44069912609238,47.8561428230051,4,False,,,,,5.960813336170561,worldpop_weighted,8.941220004255841,0.20950818959695128,HH,0.164,,not computed (no Score B),not computed (no Score B),"approximate (straight-line, 40 km/h)",exploratory (10 districts),,2023
