code,district,year,cases,pop,raw_rate,eb_mean,eb_s2,eb_C,smoothed_rate,rank,top3,bulletin_week,partial_year
JB,Johor Bahru,2014,526,1561976.5,33.675282566671136,35.516384466784004,2.4146757206707923e-09,0.9139378663184256,33.83373172452005,8,False,31,True
KJ,Kulai,2014,99,262973.40625,37.6463922385688,35.516384466784004,2.4146757206707923e-09,0.6413063747284238,36.882372029050686,4,False,31,True
MR,Muar,2014,97,256492.078125,37.817932120588765,35.516384466784004,2.4146757206707923e-09,0.6355458690237037,36.97912357052082,3,True,31,True
LG,Tangkak,2014,34,129399.640625,26.275188892163897,35.516384466784004,2.4146757206707923e-09,0.4680165773310935,31.191351743503052,10,False,31,True
BP,Batu Pahat,2014,148,431098.0,34.33094099253534,35.516384466784004,2.4146757206707923e-09,0.7456075481153338,34.63250886452013,7,False,31,True
KG,Kluang,2014,90,302623.25,29.73994892989881,35.516384466784004,2.4146757206707923e-09,0.6729316108929377,31.629238395728642,9,False,31,True
ST,Segamat,2014,64,185656.078125,34.47234297220776,35.516384466784004,2.4146757206707923e-09,0.5579587184397684,34.933852412472305,6,False,31,True
PN,Pontian,2014,65,146366.96875,44.40892679209769,35.516384466784004,2.4146757206707923e-09,0.49877568655562593,39.951768370317296,2,True,31,True
KT,Kota Tinggi,2014,103,183428.90625,56.152545477002754,35.516384466784004,2.4146757206707923e-09,0.5549800227504513,46.969041573717185,1,True,31,True
MG,Mersing,2014,27,67934.3671875,39.744243036046164,35.516384466784004,2.4146757206707923e-09,0.31594456997021547,36.85215342434443,5,False,31,True
JB,Johor Bahru,2015,1090,1620047.875,67.2819622691706,66.71538086331267,8.779617977540603e-09,0.9551961765600572,67.25657725589818,3,True,52,False
KJ,Kulai,2015,164,275209.40625,59.590986454519125,66.71538086331267,8.779617977540603e-09,0.7836295760081559,61.13249469343491,8,False,52,False
MR,Muar,2015,154,259520.390625,59.34023127397565,66.71538086331267,8.779617977540603e-09,0.7735117082875955,61.01061630558802,9,False,52,False
LG,Tangkak,2015,86,131013.046875,65.6423173503116,66.71538086331267,8.779617977540603e-09,0.6329072141955011,66.03623122464433,4,False,52,False
BP,Batu Pahat,2015,274,438675.46875,62.46075277032459,66.71538086331267,8.779617977540603e-09,0.8523524584947988,63.08893814827325,7,False,52,False
KG,Kluang,2015,201,306593.28125,65.55916658724888,66.71538086331267,8.779617977540603e-09,0.8013788128373865,65.78881523937503,5,False,52,False
ST,Segamat,2015,103,186191.1875,55.319481755816184,66.71538086331267,8.779617977540603e-09,0.7101651590878952,58.62241036068783,10,False,52,False
PN,Pontian,2015,91,146960.75,61.92129531184347,66.71538086331267,8.779617977540603e-09,0.6591655459836706,63.555284843286046,6,False,52,False
KT,Kota Tinggi,2015,165,183131.75,90.09906802070095,66.71538086331267,8.779617977540603e-09,0.7067430795829207,83.24163993692886,2,True,52,False
MG,Mersing,2015,84,68015.0546875,123.50206933736062,66.71538086331267,8.779617977540603e-09,0.472313686842446,93.53651106006369,1,True,52,False
JB,Johor Bahru,2016,840,1680916.25,49.972745518998934,46.899967074057564,2.7022014180000338e-09,0.9064092214947491,49.685161792162724,3,True,41,True
KJ,Kulai,2016,117,287707.4375,40.666310546803295,46.899967074057564,2.7022014180000338e-09,0.62372958332474,43.01185108572371,9,False,41,True
MR,Muar,2016,110,262748.53125,41.86512460286112,46.899967074057564,2.7022014180000338e-09,0.6022052425571666,43.867958542453586,8,False,41,True
LG,Tangkak,2016,57,132268.6875,43.0940996522703,46.899967074057564,2.7022014180000338e-09,0.4324898147236167,45.25396817794615,6,False,41,True
BP,Batu Pahat,2016,166,446541.5625,37.17459111098981,46.899967074057564,2.7022014180000338e-09,0.7201079615452098,39.89664641403206,10,False,41,True
KG,Kluang,2016,146,310368.96875,47.04078522669641,46.899967074057564,2.7022014180000338e-09,0.641349581070679,46.99028073725964,4,False,41,True
ST,Segamat,2016,78,186832.46875,41.74863208833984,46.899967074057564,2.7022014180000338e-09,0.5184109325723035,44.2294587001193,7,False,41,True
PN,Pontian,2016,67,147248.875,45.50119652866618,46.899967074057564,2.7022014180000338e-09,0.45898956208312697,46.25794599397359,5,False,41,True
KT,Kota Tinggi,2016,118,182924.96875,64.50732275989525,46.899967074057564,2.7022014180000338e-09,0.5131321732396275,55.934867762134566,1,True,41,True
MG,Mersing,2016,39,68201.78125,57.18325721881347,46.899967074057564,2.7022014180000338e-09,0.2821008227403849,49.8008916843713,2,True,41,True
JB,Johor Bahru,2017,591,1744072.125,33.88621327802025,32.953133864498085,3.559291349474382e-09,0.9495913030738142,33.83917796065595,5,False,31,True
KJ,Kulai,2017,75,300627.09375,24.947851194799373,32.953133864498085,3.559291349474382e-09,0.7645449170209475,26.832735690064055,10,False,31,True
MR,Muar,2017,77,266072.9375,28.939433195831874,32.953133864498085,3.559291349474382e-09,0.7418603842341878,29.975528344240352,7,False,31,True
LG,Tangkak,2017,33,133636.125,24.693921647309065,32.953133864498085,3.559291349474382e-09,0.5907364437732684,28.074116210947114,8,False,31,True
BP,Batu Pahat,2017,135,454480.875,29.70422022708876,32.953133864498085,3.559291349474382e-09,0.8307631945967516,30.25405599211496,6,False,31,True
KG,Kluang,2017,81,314234.6875,25.776912359492457,32.953133864498085,3.559291349474382e-09,0.7724206165456619,27.410072425133404,9,False,31,True
ST,Segamat,2017,65,187370.125,34.69069575525981,32.953133864498085,3.559291349474382e-09,0.669290078563081,34.116066798874215,4,False,31,True
PN,Pontian,2017,63,147888.265625,42.59972874369153,32.953133864498085,3.559291349474382e-09,0.614992446831104,38.88571685284166,3,True,31,True
KT,Kota Tinggi,2017,93,182538.59375,50.94812997593831,32.953133864498085,3.559291349474382e-09,0.6634823449585673,44.89249608203674,1,True,31,True
MG,Mersing,2017,39,68414.328125,57.005602581878755,32.953133864498085,3.559291349474382e-09,0.42493967882775363,43.17398219627642,2,True,31,True
JB,Johor Bahru,2023,1038,1761600.0,58.92370572207085,48.50019477989871,9.386846078416466e-09,0.9715054549025891,58.626692519455766,1,True,52,False
KJ,Kulai,2023,140,340300.0,41.14017043784896,48.50019477989871,9.386846078416466e-09,0.868182554311302,42.11035004682459,7,False,52,False
MR,Muar,2023,105,318700.0,32.946344524631314,48.50019477989871,9.386846078416466e-09,0.8604949169508367,35.11618569622664,10,False,52,False
LG,Tangkak,2023,57,167100.0,34.11131059245961,48.50019477989871,9.386846078416466e-09,0.7638219756083472,37.50964883304927,8,False,52,False
BP,Batu Pahat,2023,182,504000.0,36.11111111111111,48.50019477989871,9.386846078416466e-09,0.9070160052101338,37.26309760242087,9,False,52,False
KG,Kluang,2023,136,328700.0,41.37511408579252,48.50019477989871,9.386846078416466e-09,0.8641625490828043,42.34296688485922,6,False,52,False
ST,Segamat,2023,99,201600.0,49.10714285714286,48.50019477989871,9.386846078416466e-09,0.7959939581272325,48.983321782282,3,True,52,False
PN,Pontian,2023,72,175800.0,40.955631399317404,48.50019477989871,9.386846078416466e-09,0.7728550990254748,42.66934050129557,5,False,52,False
KT,Kota Tinggi,2023,125,229300.0,54.51373746184038,48.50019477989871,9.386846078416466e-09,0.8161064344609585,53.40788565653692,2,True,52,False
MG,Mersing,2023,38,80100.0,47.44069912609238,48.50019477989871,9.386846078416466e-09,0.6078854165940212,47.8561428230051,4,False,52,False
JB,Johor Bahru,2024,318,1799100.0,17.675504418876105,16.514112276844397,1.5189254735701894e-10,0.6233189381856508,17.238029993632757,1,True,23,True
KJ,Kulai,2024,38,351300.0,10.816965556504412,16.514112276844397,1.5189254735701894e-10,0.24420875911780893,15.122819145758074,10,False,23,True
MR,Muar,2024,47,323200.0,14.542079207920791,16.514112276844397,1.5189254735701894e-10,0.229151057464984,16.062218813744636,8,False,23,True
LG,Tangkak,2024,28,169400.0,16.528925619834713,16.514112276844397,1.5189254735701894e-10,0.13480570868794964,16.516109200044244,7,False,23,True
BP,Batu Pahat,2024,71,510100.0,13.918839443246423,16.514112276844397,1.5189254735701894e-10,0.31934673900718913,15.685320360600935,9,False,23,True
KG,Kluang,2024,62,333700.0,18.579562481270603,16.514112276844397,1.5189254735701894e-10,0.2348472929089725,16.999177665992175,2,True,23,True
ST,Segamat,2024,37,205100.0,18.039980497318382,16.514112276844397,1.5189254735701894e-10,0.15870641157439366,16.756277346651228,5,False,23,True
PN,Pontian,2024,33,177900.0,18.54974704890388,16.514112276844397,1.5189254735701894e-10,0.1406187003856199,16.800360592951176,4,False,23,True
KT,Kota Tinggi,2024,40,233500.0,17.130620985010708,16.514112276844397,1.5189254735701894e-10,0.17679705718848976,16.62310920217928,6,False,23,True
MG,Mersing,2024,17,81000.0,20.987654320987655,16.514112276844397,1.5189254735701894e-10,0.06933605687921045,16.82429004246865,3,True,23,True
