version,n_units,osm_id,name,amenity,district,lat,lon,added_weight,covered_expected_cases,covered_expected_pct,covered_pop,threshold_min,method
expected_tb,1,node/8167870908,Top Vision,clinic,KJ,1.6382017,103.6270251,2321.8228848784856,2321.8228848784856,58.27892092133114,2530569.065131277,60,straight-line at 40 km/h (approximate)
expected_tb,2,way/1079013498,Klinik Desa,clinic,BP,2.0284172,102.8848195,877.7097278209544,3199.5326126994396,80.30987606123516,3354185.2594177425,60,straight-line at 40 km/h (approximate)
expected_tb,3,node/14085747703,Klinik Desa Sungai Sayong,clinic,KG,1.9209834,103.3733769,300.0236770763899,3499.55628977583,87.84062109124508,3657076.0648649037,60,straight-line at 40 km/h (approximate)
expected_tb,4,node/303182662,Klinik Kesihatan Bukit Serampang,clinic,LG,2.3625188,102.7844333,246.89007406975847,3746.446363845588,94.03768599084704,3886798.719753653,60,straight-line at 40 km/h (approximate)
expected_tb,5,way/491874095,Poliklinik Desaru Dr.Abdullah@Maliq,clinic,KT,1.5730406,104.2079079,125.48644342449873,3871.932807270087,97.18745876665385,3999436.497966066,60,straight-line at 40 km/h (approximate)
population_only,1,node/9671739763,KLINIK LESTARI,hospital,KJ,1.6101903,103.6675979,2531709.192539498,2319.1031824567476,58.21065502413533,2531709.192539498,60,straight-line at 40 km/h (approximate)
population_only,2,way/1537750950,Klinik Kesihatan Yong Peng,clinic,BP,2.029769,103.0567458,828831.9008957148,3159.732070540754,79.31086245679586,3360541.093435213,60,straight-line at 40 km/h (approximate)
population_only,3,way/1043669238,Klinik Kesihatan Sagil,clinic,LG,2.303197,102.6115358,467548.36276626587,3680.5086409105766,92.38261601729766,3828089.456201479,60,straight-line at 40 km/h (approximate)
population_only,4,way/491874095,Poliklinik Desaru Dr.Abdullah@Maliq,clinic,KT,1.5730406,104.2079079,74119.80500215292,3770.7287053515547,94.64718496237822,3902209.2612036318,60,straight-line at 40 km/h (approximate)
population_only,5,way/1355946241,Klinik Desa Seri Pantai,clinic,MG,2.392442,103.8583577,70829.09934926033,3849.908767886693,96.63464431299656,3973038.360552892,60,straight-line at 40 km/h (approximate)
