year,week,code,prev_cum,cum,diff,cur
2015,31,BP,175.0,182,7.0,6
2015,47,BP,240.0,245,5.0,0
2023,40,BP,136.0,137,1.0,4
2023,46,BP,153.0,157,4.0,0
2023,47,BP,157.0,160,3.0,4
2024,5,BP,16.0,18,2.0,3
2024,7,BP,21.0,24,3.0,2
2024,8,BP,24.0,27,3.0,2
2024,11,BP,33.0,37,4.0,1
2024,12,BP,37.0,40,3.0,1
2024,13,BP,40.0,41,1.0,0
2024,14,BP,41.0,43,2.0,1
2024,15,BP,43.0,49,6.0,0
2024,16,BP,49.0,52,3.0,1
2024,19,BP,54.0,55,1.0,0
2024,20,BP,55.0,65,10.0,0
2024,21,BP,65.0,68,3.0,1
2024,22,BP,68.0,69,1.0,2
2024,23,BP,69.0,71,2.0,0
2015,47,JB,946.0,986,40.0,0
2023,13,JB,258.0,260,2.0,3
2023,14,JB,260.0,282,22.0,23
2023,21,JB,364.0,401,37.0,42
2023,24,JB,435.0,451,16.0,19
2023,26,JB,459.0,483,24.0,25
2023,34,JB,665.0,677,12.0,13
2023,35,JB,677.0,676,-1.0,0
2023,39,JB,770.0,792,22.0,25
2023,40,JB,792.0,828,36.0,25
2023,42,JB,861.0,880,19.0,20
2023,45,JB,922.0,928,6.0,10
2023,46,JB,928.0,966,38.0,0
2023,47,JB,966.0,966,0.0,29
2023,48,JB,966.0,977,11.0,13
2023,50,JB,997.0,1008,11.0,13
2023,51,JB,1008.0,1027,19.0,21
2024,3,JB,15.0,23,8.0,6
2024,4,JB,23.0,75,52.0,34
2024,5,JB,75.0,38,-37.0,0
2024,6,JB,38.0,53,15.0,8
2024,7,JB,53.0,80,27.0,1
2024,8,JB,80.0,106,26.0,3
2024,9,JB,106.0,112,6.0,2
2024,10,JB,112.0,113,1.0,0
2024,11,JB,113.0,132,19.0,5
2024,12,JB,132.0,165,33.0,8
2024,13,JB,165.0,185,20.0,5
2024,14,JB,185.0,214,29.0,7
2024,15,JB,214.0,219,5.0,1
2024,16,JB,219.0,248,29.0,4
2024,17,JB,248.0,252,4.0,0
2024,18,JB,252.0,261,9.0,2
2024,19,JB,261.0,262,1.0,17
2024,20,JB,262.0,283,21.0,5
2024,22,JB,292.0,303,11.0,8
2024,23,JB,303.0,318,15.0,6
2015,47,KG,139.0,171,32.0,0
2023,14,KG,34.0,37,3.0,4
2023,15,KG,37.0,39,2.0,3
2023,21,KG,50.0,49,-1.0,0
2023,40,KG,103.0,104,1.0,5
2023,43,KG,109.0,109,0.0,1
2023,46,KG,114.0,122,8.0,0
2023,47,KG,122.0,121,-1.0,4
2024,8,KG,20.0,26,6.0,4
2024,11,KG,34.0,35,1.0,0
2024,15,KG,39.0,45,6.0,2
2024,18,KG,49.0,51,2.0,1
2024,19,KG,51.0,53,2.0,0
2024,20,KG,53.0,58,5.0,0
2024,21,KG,58.0,59,1.0,2
2024,22,KG,59.0,61,2.0,0
2024,23,KG,61.0,62,1.0,2
2014,7,KJ,19.0,33,14.0,13
2015,47,KJ,127.0,138,11.0,0
2015,52,KJ,150.0,164,14.0,11
2023,40,KJ,94.0,97,3.0,4
2023,46,KJ,114.0,119,5.0,0
2024,8,KJ,13.0,20,7.0,6
2024,14,KJ,29.0,31,2.0,1
2024,19,KJ,33.0,34,1.0,0
2024,21,KJ,35.0,36,1.0,0
2024,22,KJ,36.0,37,1.0,0
2024,23,KJ,37.0,38,1.0,0
2015,47,KT,143.0,148,5.0,0
2023,19,KT,54.0,54,0.0,1
2023,29,KT,81.0,80,-1.0,3
2023,39,KT,99.0,103,4.0,5
2023,40,KT,103.0,103,0.0,5
2023,45,KT,110.0,110,0.0,4
2023,46,KT,110.0,114,4.0,0
2023,47,KT,114.0,112,-2.0,2
2024,4,KT,6.0,7,1.0,0
2024,8,KT,10.0,14,4.0,2
2024,9,KT,14.0,18,4.0,2
2024,10,KT,18.0,20,2.0,1
2024,15,KT,26.0,27,1.0,0
2024,19,KT,32.0,33,1.0,0
2024,20,KT,33.0,34,1.0,2
2024,21,KT,34.0,34,0.0,2
2024,22,KT,34.0,37,3.0,2
2024,23,KT,37.0,40,3.0,2
2015,47,LG,74.0,77,3.0,0
2023,45,LG,51.0,51,0.0,1
2023,46,LG,51.0,54,3.0,0
2024,4,LG,0.0,4,4.0,0
2024,5,LG,4.0,3,-1.0,0
2024,6,LG,3.0,7,4.0,0
2024,7,LG,7.0,9,2.0,0
2024,20,LG,11.0,24,13.0,0
2024,21,LG,24.0,25,1.0,0
2024,23,LG,25.0,28,3.0,0
2015,3,MG,0.0,3,3.0,0
2015,47,MG,66.0,73,7.0,0
2023,40,MG,25.0,26,1.0,0
2023,46,MG,34.0,35,1.0,0
2023,47,MG,35.0,34,-1.0,0
2024,6,MG,2.0,4,2.0,1
2024,8,MG,5.0,6,1.0,0
2024,17,MG,14.0,15,1.0,0
2024,18,MG,15.0,17,2.0,1
2014,19,MR,56.0,56,0.0,1
2015,47,MR,144.0,139,-5.0,0
2015,52,MR,147.0,154,7.0,5
2023,21,MR,48.0,46,-2.0,0
2023,29,MR,62.0,63,1.0,2
2023,40,MR,83.0,84,1.0,2
2023,46,MR,94.0,95,1.0,0
2023,47,MR,95.0,97,2.0,3
2023,51,MR,105.0,104,-1.0,0
2024,4,MR,9.0,10,1.0,0
2024,6,MR,10.0,13,3.0,2
2024,7,MR,13.0,21,8.0,5
2024,9,MR,23.0,26,3.0,2
2024,11,MR,27.0,29,2.0,1
2024,14,MR,31.0,32,1.0,0
2024,19,MR,39.0,40,1.0,0
2024,20,MR,40.0,46,6.0,1
2024,22,MR,46.0,47,1.0,0
2024,23,MR,47.0,47,0.0,1
2015,47,PN,81.0,83,2.0,0
2023,21,PN,25.0,24,-1.0,0
2023,40,PN,51.0,59,8.0,1
2023,46,PN,65.0,68,3.0,0
2024,4,PN,7.0,8,1.0,0
2024,5,PN,8.0,7,-1.0,0
2024,6,PN,7.0,11,4.0,2
2024,7,PN,11.0,12,1.0,0
2024,10,PN,12.0,17,5.0,0
2024,11,PN,17.0,19,2.0,0
2024,12,PN,19.0,20,1.0,0
2024,13,PN,20.0,23,3.0,1
2024,17,PN,27.0,28,1.0,0
2024,18,PN,28.0,29,1.0,0
2024,20,PN,29.0,34,5.0,0
2024,22,PN,34.0,34,0.0,1
2024,23,PN,34.0,33,-1.0,0
2015,47,ST,95.0,97,2.0,0
2023,24,ST,41.0,40,-1.0,1
2023,26,ST,45.0,46,1.0,2
2023,29,ST,47.0,53,6.0,5
2023,40,ST,74.0,79,5.0,0
2023,46,ST,90.0,92,2.0,0
2023,47,ST,92.0,98,6.0,8
2023,48,ST,98.0,96,-2.0,1
2023,49,ST,96.0,96,0.0,1
2024,4,ST,0.0,9,9.0,6
2024,5,ST,9.0,8,-1.0,0
2024,7,ST,8.0,11,3.0,1
2024,8,ST,11.0,15,4.0,0
2024,9,ST,15.0,17,2.0,0
2024,11,ST,17.0,18,1.0,0
2024,14,ST,19.0,20,1.0,0
2024,16,ST,20.0,33,13.0,0
2024,18,ST,33.0,36,3.0,0
2024,21,ST,36.0,36,0.0,2
2024,22,ST,36.0,37,1.0,4
