original_name,year,week,pages,source,notes,selected
Johor_EpidBulletin_2014_W01.pdf,2014,1,16,filename,,False
Johor_EpidBulletin_2014_W02.pdf,2014,2,16,filename,,False
Johor_EpidBulletin_2014_W04.pdf,2014,4,16,filename,,False
Johor_EpidBulletin_2014_W05.pdf,2014,5,16,filename,,False
Johor_EpidBulletin_2014_W06.pdf,2014,6,16,filename,,False
Johor_EpidBulletin_2014_W07.pdf,2014,7,16,filename,,False
Johor_EpidBulletin_2014_W08.pdf,2014,8,16,filename,,False
Johor_EpidBulletin_2014_W09.pdf,2014,9,16,filename,,False
Johor_EpidBulletin_2014_W10.pdf,2014,10,16,filename,,False
Johor_EpidBulletin_2014_W11.pdf,2014,11,16,filename,,False
Johor_EpidBulletin_2014_W12.pdf,2014,12,16,filename,,False
Johor_EpidBulletin_2014_W13.pdf,2014,13,16,filename,,False
Johor_EpidBulletin_2014_W14.pdf,2014,14,17,filename,,False
Johor_EpidBulletin_2014_W15.pdf,2014,15,17,filename,,False
Johor_EpidBulletin_2014_W16.pdf,2014,16,18,filename,,False
Johor_EpidBulletin_2014_W17.pdf,2014,17,18,filename,,False
Johor_EpidBulletin_2014_W18.pdf,2014,18,18,filename,,False
Johor_EpidBulletin_2014_W19.pdf,2014,19,17,filename,,False
Johor_EpidBulletin_2014_W20.pdf,2014,20,17,filename,,False
Johor_EpidBulletin_2014_W21.pdf,2014,21,17,filename,,False
Johor_EpidBulletin_2014_W22.pdf,2014,22,17,filename,,False
Johor_EpidBulletin_2014_W23.pdf,2014,23,17,filename,,False
Johor_EpidBulletin_2014_W24.pdf,2014,24,17,filename,,False
Johor_EpidBulletin_2014_W25.pdf,2014,25,17,filename,,False
Johor_EpidBulletin_2014_W26.pdf,2014,26,17,filename,,False
Johor_EpidBulletin_2014_W27.pdf,2014,27,17,filename,,False
Johor_EpidBulletin_2014_W28.pdf,2014,28,17,filename,,False
Johor_EpidBulletin_2014_W29.pdf,2014,29,17,filename,,False
Johor_EpidBulletin_2014_W30.pdf,2014,30,17,filename,,False
Johor_EpidBulletin_2014_W31.pdf,2014,31,17,filename,,True
Johor_EpidBulletin_2015_W01.pdf,2015,1,17,filename,,False
Johor_EpidBulletin_2015_W02.pdf,2015,2,17,filename,,False
Johor_EpidBulletin_2015_W03.pdf,2015,3,17,filename,,False
Johor_EpidBulletin_2015_W05.pdf,2015,5,17,filename,,False
Johor_EpidBulletin_2015_W06.pdf,2015,6,18,filename,,False
Johor_EpidBulletin_2015_W07.pdf,2015,7,19,filename,,False
Johor_EpidBulletin_2015_W09.pdf,2015,9,17,filename,,False
Johor_EpidBulletin_2015_W10.pdf,2015,10,18,filename,,False
Johor_EpidBulletin_2015_W11.pdf,2015,11,18,filename,,False
Johor_EpidBulletin_2015_W12.pdf,2015,12,18,filename,,False
Johor_EpidBulletin_2015_W13.pdf,2015,13,18,filename,,False
Johor_EpidBulletin_2015_W14.pdf,2015,14,18,filename,,False
Johor_EpidBulletin_2015_W15.pdf,2015,15,18,filename,,False
Johor_EpidBulletin_2015_W16.pdf,2015,16,18,filename,,False
Johor_EpidBulletin_2015_W17.pdf,2015,17,18,filename,,False
Johor_EpidBulletin_2015_W18.pdf,2015,18,18,filename,,False
Johor_EpidBulletin_2015_W19.pdf,2015,19,18,filename,,False
Johor_EpidBulletin_2015_W20.pdf,2015,20,18,filename,,False
Johor_EpidBulletin_2015_W21.pdf,2015,21,18,filename,,False
Johor_EpidBulletin_2015_W22.pdf,2015,22,18,filename,,False
Johor_EpidBulletin_2015_W23.pdf,2015,23,18,filename,,False
Johor_EpidBulletin_2015_W24.pdf,2015,24,18,filename,,False
Johor_EpidBulletin_2015_W25.pdf,2015,25,18,filename,,False
Johor_EpidBulletin_2015_W26.pdf,2015,26,18,filename,,False
Johor_EpidBulletin_2015_W27.pdf,2015,27,18,filename,,False
Johor_EpidBulletin_2015_W28.pdf,2015,28,18,filename,,False
Johor_EpidBulletin_2015_W29.pdf,2015,29,18,filename,,False
Johor_EpidBulletin_2015_W30.pdf,2015,30,18,filename,,False
Johor_EpidBulletin_2015_W31.pdf,2015,31,18,filename,,False
Johor_EpidBulletin_2015_W32.pdf,2015,32,18,filename,,False
Johor_EpidBulletin_2015_W33.pdf,2015,33,18,filename,,False
Johor_EpidBulletin_2015_W34.pdf,2015,34,18,filename,,False
Johor_EpidBulletin_2015_W35.pdf,2015,35,18,filename,,False
Johor_EpidBulletin_2015_W36.pdf,2015,36,18,filename,,False
Johor_EpidBulletin_2015_W37.pdf,2015,37,18,filename,,False
Johor_EpidBulletin_2015_W38.pdf,2015,38,18,filename,,False
Johor_EpidBulletin_2015_W39.pdf,2015,39,18,filename,,False
Johor_EpidBulletin_2015_W42.pdf,2015,42,18,filename,,False
Johor_EpidBulletin_2015_W43.pdf,2015,43,18,filename,,False
Johor_EpidBulletin_2015_W44.pdf,2015,44,18,filename,,False
Johor_EpidBulletin_2015_W45.pdf,2015,45,18,filename,,False
Johor_EpidBulletin_2015_W46.pdf,2015,46,18,filename,,False
Johor_EpidBulletin_2015_W47.pdf,2015,47,18,filename,,False
Johor_EpidBulletin_2015_W49.pdf,2015,49,20,filename,,False
Johor_EpidBulletin_2015_W50.pdf,2015,50,21,filename,,False
Johor_EpidBulletin_2015_W51.pdf,2015,51,20,filename,,False
Johor_EpidBulletin_2015_W52.pdf,2015,52,20,filename,,True
Johor_EpidBulletin_2016_W01.pdf,2016,1,10,filename,,False
Johor_EpidBulletin_2016_W02.pdf,2016,2,10,filename,,False
Johor_EpidBulletin_2016_W03.pdf,2016,3,10,filename,,False
Johor_EpidBulletin_2016_W04.pdf,2016,4,10,filename,,False
Johor_EpidBulletin_2016_W05.pdf,2016,5,10,filename,,False
Johor_EpidBulletin_2016_W06.pdf,2016,6,11,filename,,False
Johor_EpidBulletin_2016_W23.pdf,2016,23,11,filename,,False
Johor_EpidBulletin_2016_W24.pdf,2016,24,11,filename,,False
Johor_EpidBulletin_2016_W40.pdf,2016,40,12,filename,,False
Johor_EpidBulletin_2016_W41.pdf,2016,41,12,filename,,True
Johor_EpidBulletin_2017_W01.pdf,2017,1,11,filename,,False
Johor_EpidBulletin_2017_W02.pdf,2017,2,11,filename,,False
Johor_EpidBulletin_2017_W03.pdf,2017,3,11,filename,,False
Johor_EpidBulletin_2017_W04.pdf,2017,4,11,filename,,False
Johor_EpidBulletin_2017_W05.pdf,2017,5,11,filename,,False
Johor_EpidBulletin_2017_W06.pdf,2017,6,12,filename,,False
Johor_EpidBulletin_2017_W07.pdf,2017,7,12,filename,,False
Johor_EpidBulletin_2017_W08.pdf,2017,8,12,filename,,False
Johor_EpidBulletin_2017_W09.pdf,2017,9,12,filename,,False
Johor_EpidBulletin_2017_W10.pdf,2017,10,2,filename,,False
Johor_EpidBulletin_2017_W11.pdf,2017,11,12,filename,,False
Johor_EpidBulletin_2017_W12.pdf,2017,12,12,filename,,False
Johor_EpidBulletin_2017_W13.pdf,2017,13,12,filename,,False
Johor_EpidBulletin_2017_W14.pdf,2017,14,12,filename,,False
Johor_EpidBulletin_2017_W15.pdf,2017,15,12,filename,,False
Johor_EpidBulletin_2017_W16.pdf,2017,16,12,filename,,False
Johor_EpidBulletin_2017_W17.pdf,2017,17,12,filename,,False
Johor_EpidBulletin_2017_W18.pdf,2017,18,12,filename,,False
Johor_EpidBulletin_2017_W20.pdf,2017,20,11,filename,,False
Johor_EpidBulletin_2017_W21.pdf,2017,21,11,filename,,False
Johor_EpidBulletin_2017_W22.pdf,2017,22,11,filename,,False
Johor_EpidBulletin_2017_W23.pdf,2017,23,11,filename,,False
Johor_EpidBulletin_2017_W24.pdf,2017,24,11,filename,,False
Johor_EpidBulletin_2017_W25.pdf,2017,25,11,filename,,False
Johor_EpidBulletin_2017_W30.pdf,2017,30,11,filename,,False
Johor_EpidBulletin_2017_W31.pdf,2017,31,11,filename,,True
Johor_EpidBulletin_2023_W01.pdf,2023,1,16,filename,,False
Johor_EpidBulletin_2023_W02.pdf,2023,2,16,filename,,False
Johor_EpidBulletin_2023_W03.pdf,2023,3,16,filename,,False
Johor_EpidBulletin_2023_W04.pdf,2023,4,16,filename,,False
Johor_EpidBulletin_2023_W06.pdf,2023,6,16,filename,,False
Johor_EpidBulletin_2023_W07.pdf,2023,7,17,filename,,False
Johor_EpidBulletin_2023_W09.pdf,2023,9,17,filename,,False
Johor_EpidBulletin_2023_W11.pdf,2023,11,18,filename,,False
Johor_EpidBulletin_2023_W12.pdf,2023,12,18,filename,,False
Johor_EpidBulletin_2023_W13.pdf,2023,13,19,filename,,False
Johor_EpidBulletin_2023_W14.pdf,2023,14,18,filename,,False
Johor_EpidBulletin_2023_W15.pdf,2023,15,18,filename,,False
Johor_EpidBulletin_2023_W16.pdf,2023,16,18,filename,,False
Johor_EpidBulletin_2023_W17.pdf,2023,17,18,filename,,False
Johor_EpidBulletin_2023_W18.pdf,2023,18,18,filename,,False
Johor_EpidBulletin_2023_W19.pdf,2023,19,18,filename,,False
Johor_EpidBulletin_2023_W20.pdf,2023,20,18,filename,,False
Johor_EpidBulletin_2023_W21.pdf,2023,21,18,filename,,False
Johor_EpidBulletin_2023_W22.pdf,2023,22,18,filename,,False
Johor_EpidBulletin_2023_W23.pdf,2023,23,18,filename,,False
Johor_EpidBulletin_2023_W24.pdf,2023,24,18,filename,,False
Johor_EpidBulletin_2023_W25.pdf,2023,25,19,filename,,False
Johor_EpidBulletin_2023_W26.pdf,2023,26,18,filename,,False
Johor_EpidBulletin_2023_W27.pdf,2023,27,18,filename,,False
Johor_EpidBulletin_2023_W28.pdf,2023,28,19,filename,,False
Johor_EpidBulletin_2023_W29.pdf,2023,29,19,filename,,False
Johor_EpidBulletin_2023_W30.pdf,2023,30,20,filename,,False
Johor_EpidBulletin_2023_W32.pdf,2023,32,20,filename,,False
Johor_EpidBulletin_2023_W33.pdf,2023,33,20,filename,,False
Johor_EpidBulletin_2023_W34.pdf,2023,34,20,filename,,False
Johor_EpidBulletin_2023_W35.pdf,2023,35,19,filename,,False
Johor_EpidBulletin_2023_W36.pdf,2023,36,19,filename,,False
Johor_EpidBulletin_2023_W38.pdf,2023,38,19,filename,,False
Johor_EpidBulletin_2023_W39.pdf,2023,39,19,filename,,False
Johor_EpidBulletin_2023_W40.pdf,2023,40,19,filename,,False
Johor_EpidBulletin_2023_W41.pdf,2023,41,17,filename,,False
Johor_EpidBulletin_2023_W42.pdf,2023,42,18,filename,,False
Johor_EpidBulletin_2023_W43.pdf,2023,43,16,filename,,False
Johor_EpidBulletin_2023_W44.pdf,2023,44,18,filename,,False
Johor_EpidBulletin_2023_W45.pdf,2023,45,18,filename,,False
Johor_EpidBulletin_2023_W46.pdf,2023,46,18,filename,,False
Johor_EpidBulletin_2023_W47.pdf,2023,47,18,filename,,False
Johor_EpidBulletin_2023_W48.pdf,2023,48,18,filename,,False
Johor_EpidBulletin_2023_W49.pdf,2023,49,18,filename,,False
Johor_EpidBulletin_2023_W50.pdf,2023,50,18,filename,,False
Johor_EpidBulletin_2023_W51.pdf,2023,51,18,filename,,False
Johor_EpidBulletin_2023_W52.pdf,2023,52,18,filename,,True
Johor_EpidBulletin_2024_W02.pdf,2024,2,18,filename,,False
Johor_EpidBulletin_2024_W03.pdf,2024,3,18,filename,,False
Johor_EpidBulletin_2024_W04.pdf,2024,4,18,filename,,False
Johor_EpidBulletin_2024_W05.pdf,2024,5,18,filename,,False
Johor_EpidBulletin_2024_W06.pdf,2024,6,18,filename,,False
Johor_EpidBulletin_2024_W07.pdf,2024,7,18,filename,,False
Johor_EpidBulletin_2024_W08.pdf,2024,8,15,filename,,False
Johor_EpidBulletin_2024_W09.pdf,2024,9,15,filename,,False
Johor_EpidBulletin_2024_W10.pdf,2024,10,15,filename,,False
Johor_EpidBulletin_2024_W11.pdf,2024,11,15,filename,,False
Johor_EpidBulletin_2024_W12.pdf,2024,12,15,filename,,False
Johor_EpidBulletin_2024_W13.pdf,2024,13,15,filename,,False
Johor_EpidBulletin_2024_W14.pdf,2024,14,15,filename,,False
Johor_EpidBulletin_2024_W15.pdf,2024,15,15,filename,,False
Johor_EpidBulletin_2024_W16.pdf,2024,16,15,filename,,False
Johor_EpidBulletin_2024_W17.pdf,2024,17,15,filename,,False
Johor_EpidBulletin_2024_W18.pdf,2024,18,15,filename,,False
Johor_EpidBulletin_2024_W19.pdf,2024,19,15,filename,,False
Johor_EpidBulletin_2024_W20.pdf,2024,20,15,filename,,False
Johor_EpidBulletin_2024_W21.pdf,2024,21,15,filename,,False
Johor_EpidBulletin_2024_W22.pdf,2024,22,15,filename,,False
Johor_EpidBulletin_2024_W23.pdf,2024,23,15,filename,,True
