code,factor,p,source,notes
JB,diabetes,PLACEHOLDER,NHMS 2023 (iku.moh.gov.my) reports Johor-level only; check BPEN 'Data Asas Negeri Johor 2022' (main diseases by district) for a district breakdown,"p = share of the district population with this factor (0-1); adults, same age group for every district"
KJ,diabetes,PLACEHOLDER,NHMS 2023 (iku.moh.gov.my) reports Johor-level only; check BPEN 'Data Asas Negeri Johor 2022' (main diseases by district) for a district breakdown,"p = share of the district population with this factor (0-1); adults, same age group for every district"
MR,diabetes,PLACEHOLDER,NHMS 2023 (iku.moh.gov.my) reports Johor-level only; check BPEN 'Data Asas Negeri Johor 2022' (main diseases by district) for a district breakdown,"p = share of the district population with this factor (0-1); adults, same age group for every district"
LG,diabetes,PLACEHOLDER,NHMS 2023 (iku.moh.gov.my) reports Johor-level only; check BPEN 'Data Asas Negeri Johor 2022' (main diseases by district) for a district breakdown,"p = share of the district population with this factor (0-1); adults, same age group for every district"
BP,diabetes,PLACEHOLDER,NHMS 2023 (iku.moh.gov.my) reports Johor-level only; check BPEN 'Data Asas Negeri Johor 2022' (main diseases by district) for a district breakdown,"p = share of the district population with this factor (0-1); adults, same age group for every district"
KG,diabetes,PLACEHOLDER,NHMS 2023 (iku.moh.gov.my) reports Johor-level only; check BPEN 'Data Asas Negeri Johor 2022' (main diseases by district) for a district breakdown,"p = share of the district population with this factor (0-1); adults, same age group for every district"
ST,diabetes,PLACEHOLDER,NHMS 2023 (iku.moh.gov.my) reports Johor-level only; check BPEN 'Data Asas Negeri Johor 2022' (main diseases by district) for a district breakdown,"p = share of the district population with this factor (0-1); adults, same age group for every district"
PN,diabetes,PLACEHOLDER,NHMS 2023 (iku.moh.gov.my) reports Johor-level only; check BPEN 'Data Asas Negeri Johor 2022' (main diseases by district) for a district breakdown,"p = share of the district population with this factor (0-1); adults, same age group for every district"
KT,diabetes,PLACEHOLDER,NHMS 2023 (iku.moh.gov.my) reports Johor-level only; check BPEN 'Data Asas Negeri Johor 2022' (main diseases by district) for a district breakdown,"p = share of the district population with this factor (0-1); adults, same age group for every district"
MG,diabetes,PLACEHOLDER,NHMS 2023 (iku.moh.gov.my) reports Johor-level only; check BPEN 'Data Asas Negeri Johor 2022' (main diseases by district) for a district breakdown,"p = share of the district population with this factor (0-1); adults, same age group for every district"
JB,smoking,PLACEHOLDER,NHMS 2023 (state level); district source not yet found,"p = share of the district population with this factor (0-1); adults, same age group for every district"
KJ,smoking,PLACEHOLDER,NHMS 2023 (state level); district source not yet found,"p = share of the district population with this factor (0-1); adults, same age group for every district"
MR,smoking,PLACEHOLDER,NHMS 2023 (state level); district source not yet found,"p = share of the district population with this factor (0-1); adults, same age group for every district"
LG,smoking,PLACEHOLDER,NHMS 2023 (state level); district source not yet found,"p = share of the district population with this factor (0-1); adults, same age group for every district"
BP,smoking,PLACEHOLDER,NHMS 2023 (state level); district source not yet found,"p = share of the district population with this factor (0-1); adults, same age group for every district"
KG,smoking,PLACEHOLDER,NHMS 2023 (state level); district source not yet found,"p = share of the district population with this factor (0-1); adults, same age group for every district"
ST,smoking,PLACEHOLDER,NHMS 2023 (state level); district source not yet found,"p = share of the district population with this factor (0-1); adults, same age group for every district"
PN,smoking,PLACEHOLDER,NHMS 2023 (state level); district source not yet found,"p = share of the district population with this factor (0-1); adults, same age group for every district"
KT,smoking,PLACEHOLDER,NHMS 2023 (state level); district source not yet found,"p = share of the district population with this factor (0-1); adults, same age group for every district"
MG,smoking,PLACEHOLDER,NHMS 2023 (state level); district source not yet found,"p = share of the district population with this factor (0-1); adults, same age group for every district"
JB,alcohol,PLACEHOLDER,NHMS 2023 (state level); district source not yet found,"p = share of the district population with this factor (0-1); adults, same age group for every district"
KJ,alcohol,PLACEHOLDER,NHMS 2023 (state level); district source not yet found,"p = share of the district population with this factor (0-1); adults, same age group for every district"
MR,alcohol,PLACEHOLDER,NHMS 2023 (state level); district source not yet found,"p = share of the district population with this factor (0-1); adults, same age group for every district"
LG,alcohol,PLACEHOLDER,NHMS 2023 (state level); district source not yet found,"p = share of the district population with this factor (0-1); adults, same age group for every district"
BP,alcohol,PLACEHOLDER,NHMS 2023 (state level); district source not yet found,"p = share of the district population with this factor (0-1); adults, same age group for every district"
KG,alcohol,PLACEHOLDER,NHMS 2023 (state level); district source not yet found,"p = share of the district population with this factor (0-1); adults, same age group for every district"
ST,alcohol,PLACEHOLDER,NHMS 2023 (state level); district source not yet found,"p = share of the district population with this factor (0-1); adults, same age group for every district"
PN,alcohol,PLACEHOLDER,NHMS 2023 (state level); district source not yet found,"p = share of the district population with this factor (0-1); adults, same age group for every district"
KT,alcohol,PLACEHOLDER,NHMS 2023 (state level); district source not yet found,"p = share of the district population with this factor (0-1); adults, same age group for every district"
MG,alcohol,PLACEHOLDER,NHMS 2023 (state level); district source not yet found,"p = share of the district population with this factor (0-1); adults, same age group for every district"
JB,undernourishment,PLACEHOLDER,No district source found; consider leaving out,"p = share of the district population with this factor (0-1); adults, same age group for every district"
KJ,undernourishment,PLACEHOLDER,No district source found; consider leaving out,"p = share of the district population with this factor (0-1); adults, same age group for every district"
MR,undernourishment,PLACEHOLDER,No district source found; consider leaving out,"p = share of the district population with this factor (0-1); adults, same age group for every district"
LG,undernourishment,PLACEHOLDER,No district source found; consider leaving out,"p = share of the district population with this factor (0-1); adults, same age group for every district"
BP,undernourishment,PLACEHOLDER,No district source found; consider leaving out,"p = share of the district population with this factor (0-1); adults, same age group for every district"
KG,undernourishment,PLACEHOLDER,No district source found; consider leaving out,"p = share of the district population with this factor (0-1); adults, same age group for every district"
ST,undernourishment,PLACEHOLDER,No district source found; consider leaving out,"p = share of the district population with this factor (0-1); adults, same age group for every district"
PN,undernourishment,PLACEHOLDER,No district source found; consider leaving out,"p = share of the district population with this factor (0-1); adults, same age group for every district"
KT,undernourishment,PLACEHOLDER,No district source found; consider leaving out,"p = share of the district population with this factor (0-1); adults, same age group for every district"
MG,undernourishment,PLACEHOLDER,No district source found; consider leaving out,"p = share of the district population with this factor (0-1); adults, same age group for every district"
JB,hiv,PLACEHOLDER,MOH HIV/STI reports; district source not yet found; optional,"p = share of the district population with this factor (0-1); adults, same age group for every district"
KJ,hiv,PLACEHOLDER,MOH HIV/STI reports; district source not yet found; optional,"p = share of the district population with this factor (0-1); adults, same age group for every district"
MR,hiv,PLACEHOLDER,MOH HIV/STI reports; district source not yet found; optional,"p = share of the district population with this factor (0-1); adults, same age group for every district"
LG,hiv,PLACEHOLDER,MOH HIV/STI reports; district source not yet found; optional,"p = share of the district population with this factor (0-1); adults, same age group for every district"
BP,hiv,PLACEHOLDER,MOH HIV/STI reports; district source not yet found; optional,"p = share of the district population with this factor (0-1); adults, same age group for every district"
KG,hiv,PLACEHOLDER,MOH HIV/STI reports; district source not yet found; optional,"p = share of the district population with this factor (0-1); adults, same age group for every district"
ST,hiv,PLACEHOLDER,MOH HIV/STI reports; district source not yet found; optional,"p = share of the district population with this factor (0-1); adults, same age group for every district"
PN,hiv,PLACEHOLDER,MOH HIV/STI reports; district source not yet found; optional,"p = share of the district population with this factor (0-1); adults, same age group for every district"
KT,hiv,PLACEHOLDER,MOH HIV/STI reports; district source not yet found; optional,"p = share of the district population with this factor (0-1); adults, same age group for every district"
MG,hiv,PLACEHOLDER,MOH HIV/STI reports; district source not yet found; optional,"p = share of the district population with this factor (0-1); adults, same age group for every district"
